item_rand,rep,block,swahili,english,alpha,ID,diff,trial,instruct,dynamic
11,0,1,duara,wheel,0.287497014925373,19,difficult,1,0,1
8,0,1,adhama,honor,0.225168181818182,33,easy,2,0,1
2,0,1,saduku,box,0.212204615384615,73,easy,3,0,1
4,0,1,pombe,beer,0.178725757575757,2,easy,4,0,1
14,0,1,kichwa,head,0.3271421875,46,difficult,5,0,1
15,0,1,duka,shop,0.294655384615385,24,difficult,6,0,1
9,0,1,tabibu,doctor,0.275992424242424,35,difficult,7,0,1
10,0,1,karamu,party,0.344718181818182,32,difficult,8,0,1
5,0,1,bibi,grandmother,0.175557575757576,34,easy,9,0,1
3,0,1,jicho,eye,0.210024615384615,7,easy,10,0,1
3,1,1,jicho,eye,0.210024615384615,7,easy,11,0,1
14,1,1,kichwa,head,0.3271421875,46,difficult,12,0,1
2,1,1,saduku,box,0.212204615384615,73,easy,13,0,1
15,1,1,duka,shop,0.294655384615385,24,difficult,14,0,1
9,1,1,tabibu,doctor,0.275992424242424,35,difficult,15,0,1
8,1,1,adhama,honor,0.225168181818182,33,easy,16,0,1
5,1,1,bibi,grandmother,0.175557575757576,34,easy,17,0,1
4,1,1,pombe,beer,0.178725757575757,2,easy,18,0,1
11,1,1,duara,wheel,0.287497014925373,19,difficult,19,0,1
10,1,1,karamu,party,0.344718181818182,32,difficult,20,0,1
11,2,1,duara,wheel,0.287497014925373,19,difficult,21,0,1
8,2,1,adhama,honor,0.225168181818182,33,easy,22,0,1
9,2,1,tabibu,doctor,0.275992424242424,35,difficult,23,0,1
14,2,1,kichwa,head,0.3271421875,46,difficult,24,0,1
5,2,1,bibi,grandmother,0.175557575757576,34,easy,25,0,1
10,2,1,karamu,party,0.344718181818182,32,difficult,26,0,1
3,2,1,jicho,eye,0.210024615384615,7,easy,27,0,1
2,2,1,saduku,box,0.212204615384615,73,easy,28,0,1
4,2,1,pombe,beer,0.178725757575757,2,easy,29,0,1
15,2,1,duka,shop,0.294655384615385,24,difficult,30,0,1
8,3,1,adhama,honor,0.225168181818182,33,easy,31,0,1
15,3,1,duka,shop,0.294655384615385,24,difficult,32,0,1
2,3,1,saduku,box,0.212204615384615,73,easy,33,0,1
10,3,1,karamu,party,0.344718181818182,32,difficult,34,0,1
3,3,1,jicho,eye,0.210024615384615,7,easy,35,0,1
9,3,1,tabibu,doctor,0.275992424242424,35,difficult,36,0,1
4,3,1,pombe,beer,0.178725757575757,2,easy,37,0,1
11,3,1,duara,wheel,0.287497014925373,19,difficult,38,0,1
5,3,1,bibi,grandmother,0.175557575757576,34,easy,39,0,1
14,3,1,kichwa,head,0.3271421875,46,difficult,40,0,1
2,4,1,saduku,box,0.212204615384615,73,easy,41,0,1
14,4,1,kichwa,head,0.3271421875,46,difficult,42,0,1
11,4,1,duara,wheel,0.287497014925373,19,difficult,43,0,1
3,4,1,jicho,eye,0.210024615384615,7,easy,44,0,1
8,4,1,adhama,honor,0.225168181818182,33,easy,45,0,1
15,4,1,duka,shop,0.294655384615385,24,difficult,46,0,1
5,4,1,bibi,grandmother,0.175557575757576,34,easy,47,0,1
9,4,1,tabibu,doctor,0.275992424242424,35,difficult,48,0,1
4,4,1,pombe,beer,0.178725757575757,2,easy,49,0,1
10,4,1,karamu,party,0.344718181818182,32,difficult,50,0,1
2,5,1,saduku,box,0.212204615384615,73,easy,51,0,1
9,5,1,tabibu,doctor,0.275992424242424,35,difficult,52,0,1
3,5,1,jicho,eye,0.210024615384615,7,easy,53,0,1
15,5,1,duka,shop,0.294655384615385,24,difficult,54,0,1
10,5,1,karamu,party,0.344718181818182,32,difficult,55,0,1
14,5,1,kichwa,head,0.3271421875,46,difficult,56,0,1
5,5,1,bibi,grandmother,0.175557575757576,34,easy,57,0,1
8,5,1,adhama,honor,0.225168181818182,33,easy,58,0,1
11,5,1,duara,wheel,0.287497014925373,19,difficult,59,0,1
4,5,1,pombe,beer,0.178725757575757,2,easy,60,1,1
22,0,2,kuku,chicken,0.183198461538461,11,easy,61,0,0
25,0,2,barua,letter,0.319181818181818,31,difficult,62,0,0
30,0,2,chunga,pot,0.369626865671642,36,difficult,63,0,0
19,0,2,baba,father,0.157121212121212,59,easy,64,0,0
23,0,2,skati,skirt,0.167559090909091,37,easy,65,0,0
32,0,2,askari,police,0.347927272727273,9,difficult,66,0,0
24,0,2,kiti,chair,0.222518181818182,68,easy,67,0,0
31,0,2,likizo,holays,0.307474242424242,17,difficult,68,0,0
28,0,2,kanisa,church,0.399588059701493,51,difficult,69,0,0
20,0,2,bustani,garden,0.207198461538461,48,easy,70,0,0
23,1,2,skati,skirt,0.167559090909091,37,easy,71,0,0
24,1,2,kiti,chair,0.222518181818182,68,easy,72,0,0
20,1,2,bustani,garden,0.207198461538461,48,easy,73,0,0
22,1,2,kuku,chicken,0.183198461538461,11,easy,74,0,0
25,1,2,barua,letter,0.319181818181818,31,difficult,75,0,0
30,1,2,chunga,pot,0.369626865671642,36,difficult,76,0,0
28,1,2,kanisa,church,0.399588059701493,51,difficult,77,0,0
31,1,2,likizo,holays,0.307474242424242,17,difficult,78,0,0
32,1,2,askari,police,0.347927272727273,9,difficult,79,0,0
19,1,2,baba,father,0.157121212121212,59,easy,80,0,0
28,2,2,kanisa,church,0.399588059701493,51,difficult,81,0,0
19,2,2,baba,father,0.157121212121212,59,easy,82,0,0
24,2,2,kiti,chair,0.222518181818182,68,easy,83,0,0
20,2,2,bustani,garden,0.207198461538461,48,easy,84,0,0
31,2,2,likizo,holays,0.307474242424242,17,difficult,85,0,0
22,2,2,kuku,chicken,0.183198461538461,11,easy,86,0,0
25,2,2,barua,letter,0.319181818181818,31,difficult,87,0,0
32,2,2,askari,police,0.347927272727273,9,difficult,88,0,0
30,2,2,chunga,pot,0.369626865671642,36,difficult,89,0,0
23,2,2,skati,skirt,0.167559090909091,37,easy,90,0,0
32,3,2,askari,police,0.347927272727273,9,difficult,91,0,0
20,3,2,bustani,garden,0.207198461538461,48,easy,92,0,0
28,3,2,kanisa,church,0.399588059701493,51,difficult,93,0,0
25,3,2,barua,letter,0.319181818181818,31,difficult,94,0,0
30,3,2,chunga,pot,0.369626865671642,36,difficult,95,0,0
22,3,2,kuku,chicken,0.183198461538461,11,easy,96,0,0
31,3,2,likizo,holays,0.307474242424242,17,difficult,97,0,0
19,3,2,baba,father,0.157121212121212,59,easy,98,0,0
24,3,2,kiti,chair,0.222518181818182,68,easy,99,0,0
23,3,2,skati,skirt,0.167559090909091,37,easy,100,0,0
22,4,2,kuku,chicken,0.183198461538461,11,easy,101,0,0
19,4,2,baba,father,0.157121212121212,59,easy,102,0,0
30,4,2,chunga,pot,0.369626865671642,36,difficult,103,0,0
25,4,2,barua,letter,0.319181818181818,31,difficult,104,0,0
28,4,2,kanisa,church,0.399588059701493,51,difficult,105,0,0
24,4,2,kiti,chair,0.222518181818182,68,easy,106,0,0
32,4,2,askari,police,0.347927272727273,9,difficult,107,0,0
23,4,2,skati,skirt,0.167559090909091,37,easy,108,0,0
31,4,2,likizo,holays,0.307474242424242,17,difficult,109,0,0
20,4,2,bustani,garden,0.207198461538461,48,easy,110,0,0
31,5,2,likizo,holays,0.307474242424242,17,difficult,111,0,0
28,5,2,kanisa,church,0.399588059701493,51,difficult,112,0,0
24,5,2,kiti,chair,0.222518181818182,68,easy,113,0,0
25,5,2,barua,letter,0.319181818181818,31,difficult,114,0,0
30,5,2,chunga,pot,0.369626865671642,36,difficult,115,0,0
20,5,2,bustani,garden,0.207198461538461,48,easy,116,0,0
22,5,2,kuku,chicken,0.183198461538461,11,easy,117,0,0
32,5,2,askari,police,0.347927272727273,9,difficult,118,0,0
23,5,2,skati,skirt,0.167559090909091,37,easy,119,0,0
19,5,2,baba,father,0.157121212121212,59,easy,120,0,0
