item_rand,rep,block,swahili,english,alpha,ID,diff,trial,instruct,dynamic
13,0,1,karamu,party,0.344718181818182,32,difficult,1,0,1
6,0,1,tofaa,apple,0.200788059701493,67,easy,2,0,1
14,0,1,likizo,holays,0.307474242424242,17,difficult,3,0,1
3,0,1,saduku,box,0.212204615384615,73,easy,4,0,1
15,0,1,chunga,pot,0.369626865671642,36,difficult,5,0,1
9,0,1,sauti,voice,0.3337796875,14,difficult,6,0,1
1,0,1,kiti,chair,0.222518181818182,68,easy,7,0,1
7,0,1,bibi,grandmother,0.175557575757576,34,easy,8,0,1
12,0,1,kichwa,head,0.3271421875,46,difficult,9,0,1
2,0,1,degaga,glasses,0.207071212121212,54,easy,10,0,1
15,1,1,chunga,pot,0.369626865671642,36,difficult,11,0,1
9,1,1,sauti,voice,0.3337796875,14,difficult,12,0,1
1,1,1,kiti,chair,0.222518181818182,68,easy,13,0,1
6,1,1,tofaa,apple,0.200788059701493,67,easy,14,0,1
7,1,1,bibi,grandmother,0.175557575757576,34,easy,15,0,1
14,1,1,likizo,holays,0.307474242424242,17,difficult,16,0,1
13,1,1,karamu,party,0.344718181818182,32,difficult,17,0,1
2,1,1,degaga,glasses,0.207071212121212,54,easy,18,0,1
3,1,1,saduku,box,0.212204615384615,73,easy,19,0,1
12,1,1,kichwa,head,0.3271421875,46,difficult,20,0,1
14,2,1,likizo,holays,0.307474242424242,17,difficult,21,0,1
1,2,1,kiti,chair,0.222518181818182,68,easy,22,0,1
15,2,1,chunga,pot,0.369626865671642,36,difficult,23,0,1
2,2,1,degaga,glasses,0.207071212121212,54,easy,24,0,1
13,2,1,karamu,party,0.344718181818182,32,difficult,25,0,1
9,2,1,sauti,voice,0.3337796875,14,difficult,26,0,1
3,2,1,saduku,box,0.212204615384615,73,easy,27,0,1
7,2,1,bibi,grandmother,0.175557575757576,34,easy,28,0,1
6,2,1,tofaa,apple,0.200788059701493,67,easy,29,0,1
12,2,1,kichwa,head,0.3271421875,46,difficult,30,0,1
13,3,1,karamu,party,0.344718181818182,32,difficult,31,0,1
7,3,1,bibi,grandmother,0.175557575757576,34,easy,32,0,1
12,3,1,kichwa,head,0.3271421875,46,difficult,33,0,1
1,3,1,kiti,chair,0.222518181818182,68,easy,34,0,1
2,3,1,degaga,glasses,0.207071212121212,54,easy,35,0,1
9,3,1,sauti,voice,0.3337796875,14,difficult,36,0,1
14,3,1,likizo,holays,0.307474242424242,17,difficult,37,0,1
15,3,1,chunga,pot,0.369626865671642,36,difficult,38,0,1
3,3,1,saduku,box,0.212204615384615,73,easy,39,0,1
6,3,1,tofaa,apple,0.200788059701493,67,easy,40,0,1
15,4,1,chunga,pot,0.369626865671642,36,difficult,41,0,1
6,4,1,tofaa,apple,0.200788059701493,67,easy,42,0,1
7,4,1,bibi,grandmother,0.175557575757576,34,easy,43,0,1
13,4,1,karamu,party,0.344718181818182,32,difficult,44,0,1
14,4,1,likizo,holays,0.307474242424242,17,difficult,45,0,1
3,4,1,saduku,box,0.212204615384615,73,easy,46,0,1
9,4,1,sauti,voice,0.3337796875,14,difficult,47,0,1
12,4,1,kichwa,head,0.3271421875,46,difficult,48,0,1
1,4,1,kiti,chair,0.222518181818182,68,easy,49,0,1
2,4,1,degaga,glasses,0.207071212121212,54,easy,50,0,1
6,5,1,tofaa,apple,0.200788059701493,67,easy,51,0,1
13,5,1,karamu,party,0.344718181818182,32,difficult,52,0,1
9,5,1,sauti,voice,0.3337796875,14,difficult,53,0,1
2,5,1,degaga,glasses,0.207071212121212,54,easy,54,0,1
14,5,1,likizo,holays,0.307474242424242,17,difficult,55,0,1
7,5,1,bibi,grandmother,0.175557575757576,34,easy,56,0,1
12,5,1,kichwa,head,0.3271421875,46,difficult,57,0,1
1,5,1,kiti,chair,0.222518181818182,68,easy,58,0,1
3,5,1,saduku,box,0.212204615384615,73,easy,59,0,1
15,5,1,chunga,pot,0.369626865671642,36,difficult,60,1,1
25,0,2,wimbo,song,0.307741538461538,13,difficult,61,0,0
20,0,2,anga,sky,0.222377272727273,27,easy,62,0,0
30,0,2,kanisa,church,0.399588059701493,51,difficult,63,0,0
31,0,2,chama,society,0.315827272727273,50,difficult,64,0,0
21,0,2,maji,ice,0.223059090909091,72,easy,65,0,0
18,0,2,baskeli,bike,0.214457575757576,20,easy,66,0,0
32,0,2,tabibu,doctor,0.275992424242424,35,difficult,67,0,0
26,0,2,duka,shop,0.294655384615385,24,difficult,68,0,0
22,0,2,basi,bus,0.209593846153846,57,easy,69,0,0
19,0,2,kuku,chicken,0.183198461538461,11,easy,70,0,0
22,1,2,basi,bus,0.209593846153846,57,easy,71,0,0
21,1,2,maji,ice,0.223059090909091,72,easy,72,0,0
18,1,2,baskeli,bike,0.214457575757576,20,easy,73,0,0
31,1,2,chama,society,0.315827272727273,50,difficult,74,0,0
32,1,2,tabibu,doctor,0.275992424242424,35,difficult,75,0,0
26,1,2,duka,shop,0.294655384615385,24,difficult,76,0,0
20,1,2,anga,sky,0.222377272727273,27,easy,77,0,0
19,1,2,kuku,chicken,0.183198461538461,11,easy,78,0,0
25,1,2,wimbo,song,0.307741538461538,13,difficult,79,0,0
30,1,2,kanisa,church,0.399588059701493,51,difficult,80,0,0
32,2,2,tabibu,doctor,0.275992424242424,35,difficult,81,0,0
18,2,2,baskeli,bike,0.214457575757576,20,easy,82,0,0
31,2,2,chama,society,0.315827272727273,50,difficult,83,0,0
25,2,2,wimbo,song,0.307741538461538,13,difficult,84,0,0
19,2,2,kuku,chicken,0.183198461538461,11,easy,85,0,0
21,2,2,maji,ice,0.223059090909091,72,easy,86,0,0
26,2,2,duka,shop,0.294655384615385,24,difficult,87,0,0
20,2,2,anga,sky,0.222377272727273,27,easy,88,0,0
30,2,2,kanisa,church,0.399588059701493,51,difficult,89,0,0
22,2,2,basi,bus,0.209593846153846,57,easy,90,0,0
18,3,2,baskeli,bike,0.214457575757576,20,easy,91,0,0
26,3,2,duka,shop,0.294655384615385,24,difficult,92,0,0
25,3,2,wimbo,song,0.307741538461538,13,difficult,93,0,0
19,3,2,kuku,chicken,0.183198461538461,11,easy,94,0,0
32,3,2,tabibu,doctor,0.275992424242424,35,difficult,95,0,0
21,3,2,maji,ice,0.223059090909091,72,easy,96,0,0
30,3,2,kanisa,church,0.399588059701493,51,difficult,97,0,0
31,3,2,chama,society,0.315827272727273,50,difficult,98,0,0
22,3,2,basi,bus,0.209593846153846,57,easy,99,0,0
20,3,2,anga,sky,0.222377272727273,27,easy,100,0,0
26,4,2,duka,shop,0.294655384615385,24,difficult,101,0,0
21,4,2,maji,ice,0.223059090909091,72,easy,102,0,0
18,4,2,baskeli,bike,0.214457575757576,20,easy,103,0,0
30,4,2,kanisa,church,0.399588059701493,51,difficult,104,0,0
25,4,2,wimbo,song,0.307741538461538,13,difficult,105,0,0
31,4,2,chama,society,0.315827272727273,50,difficult,106,0,0
32,4,2,tabibu,doctor,0.275992424242424,35,difficult,107,0,0
22,4,2,basi,bus,0.209593846153846,57,easy,108,0,0
20,4,2,anga,sky,0.222377272727273,27,easy,109,0,0
19,4,2,kuku,chicken,0.183198461538461,11,easy,110,0,0
21,5,2,maji,ice,0.223059090909091,72,easy,111,1,0
31,5,2,chama,society,0.315827272727273,50,difficult,112,0,0
30,5,2,kanisa,church,0.399588059701493,51,difficult,113,0,0
22,5,2,basi,bus,0.209593846153846,57,easy,114,0,0
19,5,2,kuku,chicken,0.183198461538461,11,easy,115,0,0
32,5,2,tabibu,doctor,0.275992424242424,35,difficult,116,0,0
20,5,2,anga,sky,0.222377272727273,27,easy,117,0,0
18,5,2,baskeli,bike,0.214457575757576,20,easy,118,0,0
25,5,2,wimbo,song,0.307741538461538,13,difficult,119,0,0
26,5,2,duka,shop,0.294655384615385,24,difficult,120,0,0
