item_rand,rep,block,swahili,english,alpha,ID,diff,trial,instruct,dynamic
14,0,1,maslahi,interest,0.305624242424242,56,difficult,1,0,0
1,0,1,bibi,grandmother,0.175557575757576,34,easy,2,0,0
3,0,1,kuku,chicken,0.183198461538461,11,easy,3,0,0
8,0,1,lango,door,0.219891044776119,45,easy,4,0,0
5,0,1,bustani,garden,0.207198461538461,48,easy,5,0,0
13,0,1,fasihi,book,0.386646268656716,12,difficult,6,0,0
12,0,1,sauti,voice,0.3337796875,14,difficult,7,0,0
10,0,1,duka,shop,0.294655384615385,24,difficult,8,0,0
9,0,1,tumaini,hope,0.302354545454546,53,difficult,9,0,0
6,0,1,kiti,chair,0.222518181818182,68,easy,10,0,0
14,1,1,maslahi,interest,0.305624242424242,56,difficult,11,0,0
6,1,1,kiti,chair,0.222518181818182,68,easy,12,0,0
8,1,1,lango,door,0.219891044776119,45,easy,13,0,0
3,1,1,kuku,chicken,0.183198461538461,11,easy,14,0,0
1,1,1,bibi,grandmother,0.175557575757576,34,easy,15,0,0
9,1,1,tumaini,hope,0.302354545454546,53,difficult,16,0,0
12,1,1,sauti,voice,0.3337796875,14,difficult,17,0,0
13,1,1,fasihi,book,0.386646268656716,12,difficult,18,0,0
10,1,1,duka,shop,0.294655384615385,24,difficult,19,0,0
5,1,1,bustani,garden,0.207198461538461,48,easy,20,0,0
5,2,1,bustani,garden,0.207198461538461,48,easy,21,0,0
10,2,1,duka,shop,0.294655384615385,24,difficult,22,0,0
14,2,1,maslahi,interest,0.305624242424242,56,difficult,23,0,0
12,2,1,sauti,voice,0.3337796875,14,difficult,24,0,0
6,2,1,kiti,chair,0.222518181818182,68,easy,25,0,0
8,2,1,lango,door,0.219891044776119,45,easy,26,0,0
1,2,1,bibi,grandmother,0.175557575757576,34,easy,27,0,0
3,2,1,kuku,chicken,0.183198461538461,11,easy,28,0,0
9,2,1,tumaini,hope,0.302354545454546,53,difficult,29,0,0
13,2,1,fasihi,book,0.386646268656716,12,difficult,30,0,0
5,3,1,bustani,garden,0.207198461538461,48,easy,31,0,0
10,3,1,duka,shop,0.294655384615385,24,difficult,32,0,0
6,3,1,kiti,chair,0.222518181818182,68,easy,33,0,0
12,3,1,sauti,voice,0.3337796875,14,difficult,34,0,0
14,3,1,maslahi,interest,0.305624242424242,56,difficult,35,0,0
9,3,1,tumaini,hope,0.302354545454546,53,difficult,36,0,0
8,3,1,lango,door,0.219891044776119,45,easy,37,0,0
13,3,1,fasihi,book,0.386646268656716,12,difficult,38,0,0
1,3,1,bibi,grandmother,0.175557575757576,34,easy,39,0,0
3,3,1,kuku,chicken,0.183198461538461,11,easy,40,0,0
9,4,1,tumaini,hope,0.302354545454546,53,difficult,41,0,0
14,4,1,maslahi,interest,0.305624242424242,56,difficult,42,0,0
5,4,1,bustani,garden,0.207198461538461,48,easy,43,0,0
12,4,1,sauti,voice,0.3337796875,14,difficult,44,0,0
6,4,1,kiti,chair,0.222518181818182,68,easy,45,0,0
1,4,1,bibi,grandmother,0.175557575757576,34,easy,46,0,0
3,4,1,kuku,chicken,0.183198461538461,11,easy,47,0,0
10,4,1,duka,shop,0.294655384615385,24,difficult,48,0,0
13,4,1,fasihi,book,0.386646268656716,12,difficult,49,0,0
8,4,1,lango,door,0.219891044776119,45,easy,50,0,0
14,5,1,maslahi,interest,0.305624242424242,56,difficult,51,0,0
3,5,1,kuku,chicken,0.183198461538461,11,easy,52,0,0
9,5,1,tumaini,hope,0.302354545454546,53,difficult,53,1,0
8,5,1,lango,door,0.219891044776119,45,easy,54,0,0
6,5,1,kiti,chair,0.222518181818182,68,easy,55,0,0
13,5,1,fasihi,book,0.386646268656716,12,difficult,56,0,0
5,5,1,bustani,garden,0.207198461538461,48,easy,57,0,0
1,5,1,bibi,grandmother,0.175557575757576,34,easy,58,0,0
10,5,1,duka,shop,0.294655384615385,24,difficult,59,0,0
12,5,1,sauti,voice,0.3337796875,14,difficult,60,1,0
29,0,2,barua,letter,0.319181818181818,31,difficult,61,0,1
30,0,2,afisi,office,0.34374,5,difficult,62,0,1
22,0,2,siri,secret,0.191309230769231,49,easy,63,0,1
25,0,2,tabibu,doctor,0.275992424242424,35,difficult,64,0,1
23,0,2,degaga,glasses,0.207071212121212,54,easy,65,0,1
32,0,2,chama,society,0.315827272727273,50,difficult,66,0,1
27,0,2,chunga,pot,0.369626865671642,36,difficult,67,0,1
18,0,2,ufu,death,0.170078787878788,75,easy,68,0,1
19,0,2,jicho,eye,0.210024615384615,7,easy,69,0,1
21,0,2,limau,lemon,0.158680303030303,61,easy,70,0,1
19,1,2,jicho,eye,0.210024615384615,7,easy,71,0,1
23,1,2,degaga,glasses,0.207071212121212,54,easy,72,0,1
32,1,2,chama,society,0.315827272727273,50,difficult,73,0,1
29,1,2,barua,letter,0.319181818181818,31,difficult,74,0,1
22,1,2,siri,secret,0.191309230769231,49,easy,75,0,1
25,1,2,tabibu,doctor,0.275992424242424,35,difficult,76,0,1
30,1,2,afisi,office,0.34374,5,difficult,77,0,1
18,1,2,ufu,death,0.170078787878788,75,easy,78,0,1
21,1,2,limau,lemon,0.158680303030303,61,easy,79,0,1
27,1,2,chunga,pot,0.369626865671642,36,difficult,80,0,1
21,2,2,limau,lemon,0.158680303030303,61,easy,81,0,1
25,2,2,tabibu,doctor,0.275992424242424,35,difficult,82,0,1
23,2,2,degaga,glasses,0.207071212121212,54,easy,83,0,1
29,2,2,barua,letter,0.319181818181818,31,difficult,84,0,1
30,2,2,afisi,office,0.34374,5,difficult,85,0,1
22,2,2,siri,secret,0.191309230769231,49,easy,86,0,1
32,2,2,chama,society,0.315827272727273,50,difficult,87,0,1
19,2,2,jicho,eye,0.210024615384615,7,easy,88,0,1
27,2,2,chunga,pot,0.369626865671642,36,difficult,89,0,1
18,2,2,ufu,death,0.170078787878788,75,easy,90,0,1
32,3,2,chama,society,0.315827272727273,50,difficult,91,0,1
30,3,2,afisi,office,0.34374,5,difficult,92,0,1
18,3,2,ufu,death,0.170078787878788,75,easy,93,0,1
27,3,2,chunga,pot,0.369626865671642,36,difficult,94,0,1
29,3,2,barua,letter,0.319181818181818,31,difficult,95,0,1
23,3,2,degaga,glasses,0.207071212121212,54,easy,96,0,1
21,3,2,limau,lemon,0.158680303030303,61,easy,97,0,1
22,3,2,siri,secret,0.191309230769231,49,easy,98,0,1
25,3,2,tabibu,doctor,0.275992424242424,35,difficult,99,0,1
19,3,2,jicho,eye,0.210024615384615,7,easy,100,0,1
25,4,2,tabibu,doctor,0.275992424242424,35,difficult,101,0,1
29,4,2,barua,letter,0.319181818181818,31,difficult,102,0,1
23,4,2,degaga,glasses,0.207071212121212,54,easy,103,0,1
27,4,2,chunga,pot,0.369626865671642,36,difficult,104,0,1
32,4,2,chama,society,0.315827272727273,50,difficult,105,0,1
19,4,2,jicho,eye,0.210024615384615,7,easy,106,0,1
21,4,2,limau,lemon,0.158680303030303,61,easy,107,0,1
22,4,2,siri,secret,0.191309230769231,49,easy,108,0,1
18,4,2,ufu,death,0.170078787878788,75,easy,109,0,1
30,4,2,afisi,office,0.34374,5,difficult,110,0,1
19,5,2,jicho,eye,0.210024615384615,7,easy,111,0,1
21,5,2,limau,lemon,0.158680303030303,61,easy,112,0,1
29,5,2,barua,letter,0.319181818181818,31,difficult,113,0,1
27,5,2,chunga,pot,0.369626865671642,36,difficult,114,0,1
25,5,2,tabibu,doctor,0.275992424242424,35,difficult,115,0,1
30,5,2,afisi,office,0.34374,5,difficult,116,0,1
18,5,2,ufu,death,0.170078787878788,75,easy,117,0,1
32,5,2,chama,society,0.315827272727273,50,difficult,118,0,1
22,5,2,siri,secret,0.191309230769231,49,easy,119,0,1
23,5,2,degaga,glasses,0.207071212121212,54,easy,120,0,1
