item_rand,rep,block,swahili,english,alpha,ID,diff,trial,instruct,dynamic
9,0,1,afisi,office,0.34374,5,difficult,1,0,1
10,0,1,tumaini,hope,0.302354545454546,53,difficult,2,0,1
4,0,1,skati,skirt,0.167559090909091,37,easy,3,0,1
2,0,1,limau,lemon,0.158680303030303,61,easy,4,0,1
14,0,1,duara,wheel,0.287497014925373,19,difficult,5,0,1
15,0,1,likizo,holays,0.307474242424242,17,difficult,6,0,1
1,0,1,mbwa,dog,0.18435303030303,29,easy,7,0,1
7,0,1,baba,father,0.157121212121212,59,easy,8,0,1
16,0,1,fasihi,book,0.386646268656716,12,difficult,9,0,1
6,0,1,tofaa,apple,0.200788059701493,67,easy,10,0,1
4,1,1,skati,skirt,0.167559090909091,37,easy,11,0,1
7,1,1,baba,father,0.157121212121212,59,easy,12,0,1
14,1,1,duara,wheel,0.287497014925373,19,difficult,13,0,1
10,1,1,tumaini,hope,0.302354545454546,53,difficult,14,0,1
9,1,1,afisi,office,0.34374,5,difficult,15,0,1
16,1,1,fasihi,book,0.386646268656716,12,difficult,16,0,1
15,1,1,likizo,holays,0.307474242424242,17,difficult,17,0,1
6,1,1,tofaa,apple,0.200788059701493,67,easy,18,0,1
2,1,1,limau,lemon,0.158680303030303,61,easy,19,0,1
1,1,1,mbwa,dog,0.18435303030303,29,easy,20,0,1
6,2,1,tofaa,apple,0.200788059701493,67,easy,21,0,1
4,2,1,skati,skirt,0.167559090909091,37,easy,22,0,1
9,2,1,afisi,office,0.34374,5,difficult,23,0,1
14,2,1,duara,wheel,0.287497014925373,19,difficult,24,0,1
16,2,1,fasihi,book,0.386646268656716,12,difficult,25,0,1
10,2,1,tumaini,hope,0.302354545454546,53,difficult,26,0,1
2,2,1,limau,lemon,0.158680303030303,61,easy,27,0,1
1,2,1,mbwa,dog,0.18435303030303,29,easy,28,0,1
7,2,1,baba,father,0.157121212121212,59,easy,29,0,1
15,2,1,likizo,holays,0.307474242424242,17,difficult,30,0,1
1,3,1,mbwa,dog,0.18435303030303,29,easy,31,0,1
14,3,1,duara,wheel,0.287497014925373,19,difficult,32,0,1
4,3,1,skati,skirt,0.167559090909091,37,easy,33,0,1
2,3,1,limau,lemon,0.158680303030303,61,easy,34,0,1
16,3,1,fasihi,book,0.386646268656716,12,difficult,35,0,1
7,3,1,baba,father,0.157121212121212,59,easy,36,0,1
6,3,1,tofaa,apple,0.200788059701493,67,easy,37,0,1
9,3,1,afisi,office,0.34374,5,difficult,38,0,1
15,3,1,likizo,holays,0.307474242424242,17,difficult,39,0,1
10,3,1,tumaini,hope,0.302354545454546,53,difficult,40,0,1
14,4,1,duara,wheel,0.287497014925373,19,difficult,41,0,1
16,4,1,fasihi,book,0.386646268656716,12,difficult,42,0,1
9,4,1,afisi,office,0.34374,5,difficult,43,0,1
1,4,1,mbwa,dog,0.18435303030303,29,easy,44,0,1
15,4,1,likizo,holays,0.307474242424242,17,difficult,45,0,1
4,4,1,skati,skirt,0.167559090909091,37,easy,46,0,1
10,4,1,tumaini,hope,0.302354545454546,53,difficult,47,0,1
7,4,1,baba,father,0.157121212121212,59,easy,48,0,1
2,4,1,limau,lemon,0.158680303030303,61,easy,49,0,1
6,4,1,tofaa,apple,0.200788059701493,67,easy,50,0,1
15,5,1,likizo,holays,0.307474242424242,17,difficult,51,0,1
9,5,1,afisi,office,0.34374,5,difficult,52,0,1
14,5,1,duara,wheel,0.287497014925373,19,difficult,53,0,1
10,5,1,tumaini,hope,0.302354545454546,53,difficult,54,0,1
7,5,1,baba,father,0.157121212121212,59,easy,55,0,1
6,5,1,tofaa,apple,0.200788059701493,67,easy,56,0,1
4,5,1,skati,skirt,0.167559090909091,37,easy,57,1,1
16,5,1,fasihi,book,0.386646268656716,12,difficult,58,0,1
2,5,1,limau,lemon,0.158680303030303,61,easy,59,0,1
1,5,1,mbwa,dog,0.18435303030303,29,easy,60,1,1
17,0,2,lango,door,0.219891044776119,45,easy,61,0,0
23,0,2,degaga,glasses,0.207071212121212,54,easy,62,0,0
20,0,2,anga,sky,0.222377272727273,27,easy,63,0,0
26,0,2,chanjo,scissors,0.351680597014926,26,difficult,64,0,0
29,0,2,kichwa,head,0.3271421875,46,difficult,65,0,0
21,0,2,kuku,chicken,0.183198461538461,11,easy,66,0,0
27,0,2,ajabu,wonder,0.315165151515151,52,difficult,67,0,0
32,0,2,duka,shop,0.294655384615385,24,difficult,68,0,0
28,0,2,chunga,pot,0.369626865671642,36,difficult,69,0,0
18,0,2,basi,bus,0.209593846153846,57,easy,70,0,0
32,1,2,duka,shop,0.294655384615385,24,difficult,71,0,0
26,1,2,chanjo,scissors,0.351680597014926,26,difficult,72,0,0
18,1,2,basi,bus,0.209593846153846,57,easy,73,0,0
20,1,2,anga,sky,0.222377272727273,27,easy,74,0,0
28,1,2,chunga,pot,0.369626865671642,36,difficult,75,0,0
17,1,2,lango,door,0.219891044776119,45,easy,76,0,0
21,1,2,kuku,chicken,0.183198461538461,11,easy,77,0,0
29,1,2,kichwa,head,0.3271421875,46,difficult,78,0,0
23,1,2,degaga,glasses,0.207071212121212,54,easy,79,0,0
27,1,2,ajabu,wonder,0.315165151515151,52,difficult,80,0,0
21,2,2,kuku,chicken,0.183198461538461,11,easy,81,0,0
29,2,2,kichwa,head,0.3271421875,46,difficult,82,0,0
32,2,2,duka,shop,0.294655384615385,24,difficult,83,0,0
27,2,2,ajabu,wonder,0.315165151515151,52,difficult,84,0,0
20,2,2,anga,sky,0.222377272727273,27,easy,85,0,0
23,2,2,degaga,glasses,0.207071212121212,54,easy,86,0,0
17,2,2,lango,door,0.219891044776119,45,easy,87,0,0
18,2,2,basi,bus,0.209593846153846,57,easy,88,0,0
28,2,2,chunga,pot,0.369626865671642,36,difficult,89,0,0
26,2,2,chanjo,scissors,0.351680597014926,26,difficult,90,0,0
17,3,2,lango,door,0.219891044776119,45,easy,91,0,0
26,3,2,chanjo,scissors,0.351680597014926,26,difficult,92,0,0
28,3,2,chunga,pot,0.369626865671642,36,difficult,93,0,0
18,3,2,basi,bus,0.209593846153846,57,easy,94,0,0
29,3,2,kichwa,head,0.3271421875,46,difficult,95,0,0
27,3,2,ajabu,wonder,0.315165151515151,52,difficult,96,0,0
32,3,2,duka,shop,0.294655384615385,24,difficult,97,0,0
21,3,2,kuku,chicken,0.183198461538461,11,easy,98,0,0
20,3,2,anga,sky,0.222377272727273,27,easy,99,0,0
23,3,2,degaga,glasses,0.207071212121212,54,easy,100,0,0
26,4,2,chanjo,scissors,0.351680597014926,26,difficult,101,0,0
23,4,2,degaga,glasses,0.207071212121212,54,easy,102,0,0
20,4,2,anga,sky,0.222377272727273,27,easy,103,0,0
17,4,2,lango,door,0.219891044776119,45,easy,104,0,0
21,4,2,kuku,chicken,0.183198461538461,11,easy,105,0,0
32,4,2,duka,shop,0.294655384615385,24,difficult,106,0,0
18,4,2,basi,bus,0.209593846153846,57,easy,107,0,0
29,4,2,kichwa,head,0.3271421875,46,difficult,108,0,0
27,4,2,ajabu,wonder,0.315165151515151,52,difficult,109,0,0
28,4,2,chunga,pot,0.369626865671642,36,difficult,110,0,0
23,5,2,degaga,glasses,0.207071212121212,54,easy,111,0,0
27,5,2,ajabu,wonder,0.315165151515151,52,difficult,112,0,0
17,5,2,lango,door,0.219891044776119,45,easy,113,0,0
21,5,2,kuku,chicken,0.183198461538461,11,easy,114,0,0
29,5,2,kichwa,head,0.3271421875,46,difficult,115,0,0
20,5,2,anga,sky,0.222377272727273,27,easy,116,0,0
32,5,2,duka,shop,0.294655384615385,24,difficult,117,0,0
18,5,2,basi,bus,0.209593846153846,57,easy,118,0,0
28,5,2,chunga,pot,0.369626865671642,36,difficult,119,1,0
26,5,2,chanjo,scissors,0.351680597014926,26,difficult,120,0,0
