item_rand,rep,block,swahili,english,alpha,ID,diff,trial,instruct,dynamic
8,0,1,roho,soul,0.199686567164179,44,easy,1,0,1
2,0,1,degaga,glasses,0.207071212121212,54,easy,2,0,1
4,0,1,bibi,grandmother,0.175557575757576,34,easy,3,0,1
3,0,1,siri,secret,0.191309230769231,49,easy,4,0,1
13,0,1,tumaini,hope,0.302354545454546,53,difficult,5,0,1
10,0,1,sauti,voice,0.3337796875,14,difficult,6,0,1
16,0,1,kitanda,bed,0.368722388059701,69,difficult,7,0,1
12,0,1,chama,society,0.315827272727273,50,difficult,8,0,1
11,0,1,tunda,fruit,0.287647692307692,22,difficult,9,0,1
5,0,1,lugha,language,0.211571212121212,25,easy,10,0,1
4,1,1,bibi,grandmother,0.175557575757576,34,easy,11,0,1
13,1,1,tumaini,hope,0.302354545454546,53,difficult,12,0,1
16,1,1,kitanda,bed,0.368722388059701,69,difficult,13,0,1
8,1,1,roho,soul,0.199686567164179,44,easy,14,0,1
12,1,1,chama,society,0.315827272727273,50,difficult,15,0,1
10,1,1,sauti,voice,0.3337796875,14,difficult,16,0,1
2,1,1,degaga,glasses,0.207071212121212,54,easy,17,0,1
5,1,1,lugha,language,0.211571212121212,25,easy,18,0,1
11,1,1,tunda,fruit,0.287647692307692,22,difficult,19,0,1
3,1,1,siri,secret,0.191309230769231,49,easy,20,0,1
5,2,1,lugha,language,0.211571212121212,25,easy,21,0,1
12,2,1,chama,society,0.315827272727273,50,difficult,22,0,1
11,2,1,tunda,fruit,0.287647692307692,22,difficult,23,0,1
2,2,1,degaga,glasses,0.207071212121212,54,easy,24,0,1
13,2,1,tumaini,hope,0.302354545454546,53,difficult,25,0,1
10,2,1,sauti,voice,0.3337796875,14,difficult,26,0,1
16,2,1,kitanda,bed,0.368722388059701,69,difficult,27,0,1
3,2,1,siri,secret,0.191309230769231,49,easy,28,0,1
4,2,1,bibi,grandmother,0.175557575757576,34,easy,29,0,1
8,2,1,roho,soul,0.199686567164179,44,easy,30,0,1
4,3,1,bibi,grandmother,0.175557575757576,34,easy,31,0,1
13,3,1,tumaini,hope,0.302354545454546,53,difficult,32,0,1
2,3,1,degaga,glasses,0.207071212121212,54,easy,33,0,1
11,3,1,tunda,fruit,0.287647692307692,22,difficult,34,0,1
8,3,1,roho,soul,0.199686567164179,44,easy,35,0,1
3,3,1,siri,secret,0.191309230769231,49,easy,36,0,1
16,3,1,kitanda,bed,0.368722388059701,69,difficult,37,0,1
5,3,1,lugha,language,0.211571212121212,25,easy,38,0,1
10,3,1,sauti,voice,0.3337796875,14,difficult,39,0,1
12,3,1,chama,society,0.315827272727273,50,difficult,40,0,1
3,4,1,siri,secret,0.191309230769231,49,easy,41,0,1
2,4,1,degaga,glasses,0.207071212121212,54,easy,42,0,1
12,4,1,chama,society,0.315827272727273,50,difficult,43,0,1
8,4,1,roho,soul,0.199686567164179,44,easy,44,0,1
4,4,1,bibi,grandmother,0.175557575757576,34,easy,45,0,1
13,4,1,tumaini,hope,0.302354545454546,53,difficult,46,0,1
11,4,1,tunda,fruit,0.287647692307692,22,difficult,47,0,1
10,4,1,sauti,voice,0.3337796875,14,difficult,48,0,1
5,4,1,lugha,language,0.211571212121212,25,easy,49,0,1
16,4,1,kitanda,bed,0.368722388059701,69,difficult,50,0,1
13,5,1,tumaini,hope,0.302354545454546,53,difficult,51,0,1
10,5,1,sauti,voice,0.3337796875,14,difficult,52,0,1
8,5,1,roho,soul,0.199686567164179,44,easy,53,0,1
4,5,1,bibi,grandmother,0.175557575757576,34,easy,54,0,1
5,5,1,lugha,language,0.211571212121212,25,easy,55,0,1
16,5,1,kitanda,bed,0.368722388059701,69,difficult,56,0,1
11,5,1,tunda,fruit,0.287647692307692,22,difficult,57,0,1
2,5,1,degaga,glasses,0.207071212121212,54,easy,58,0,1
3,5,1,siri,secret,0.191309230769231,49,easy,59,0,1
12,5,1,chama,society,0.315827272727273,50,difficult,60,1,1
29,0,2,ajabu,wonder,0.315165151515151,52,difficult,61,0,0
30,0,2,kijana,boy,0.353060606060606,64,difficult,62,0,0
20,0,2,baba,father,0.157121212121212,59,easy,63,0,0
28,0,2,wimbo,song,0.307741538461538,13,difficult,64,0,0
18,0,2,mbwa,dog,0.18435303030303,29,easy,65,0,0
31,0,2,duka,shop,0.294655384615385,24,difficult,66,0,0
24,0,2,kuku,chicken,0.183198461538461,11,easy,67,0,0
23,0,2,pombe,beer,0.178725757575757,2,easy,68,0,0
25,0,2,kanisa,church,0.399588059701493,51,difficult,69,0,0
17,0,2,baskeli,bike,0.214457575757576,20,easy,70,0,0
24,1,2,kuku,chicken,0.183198461538461,11,easy,71,0,0
17,1,2,baskeli,bike,0.214457575757576,20,easy,72,0,0
30,1,2,kijana,boy,0.353060606060606,64,difficult,73,0,0
31,1,2,duka,shop,0.294655384615385,24,difficult,74,0,0
29,1,2,ajabu,wonder,0.315165151515151,52,difficult,75,0,0
18,1,2,mbwa,dog,0.18435303030303,29,easy,76,0,0
28,1,2,wimbo,song,0.307741538461538,13,difficult,77,0,0
23,1,2,pombe,beer,0.178725757575757,2,easy,78,0,0
20,1,2,baba,father,0.157121212121212,59,easy,79,0,0
25,1,2,kanisa,church,0.399588059701493,51,difficult,80,0,0
28,2,2,wimbo,song,0.307741538461538,13,difficult,81,0,0
17,2,2,baskeli,bike,0.214457575757576,20,easy,82,0,0
30,2,2,kijana,boy,0.353060606060606,64,difficult,83,0,0
20,2,2,baba,father,0.157121212121212,59,easy,84,0,0
18,2,2,mbwa,dog,0.18435303030303,29,easy,85,0,0
29,2,2,ajabu,wonder,0.315165151515151,52,difficult,86,0,0
25,2,2,kanisa,church,0.399588059701493,51,difficult,87,0,0
31,2,2,duka,shop,0.294655384615385,24,difficult,88,0,0
23,2,2,pombe,beer,0.178725757575757,2,easy,89,0,0
24,2,2,kuku,chicken,0.183198461538461,11,easy,90,0,0
30,3,2,kijana,boy,0.353060606060606,64,difficult,91,0,0
28,3,2,wimbo,song,0.307741538461538,13,difficult,92,0,0
31,3,2,duka,shop,0.294655384615385,24,difficult,93,0,0
17,3,2,baskeli,bike,0.214457575757576,20,easy,94,0,0
25,3,2,kanisa,church,0.399588059701493,51,difficult,95,0,0
29,3,2,ajabu,wonder,0.315165151515151,52,difficult,96,0,0
24,3,2,kuku,chicken,0.183198461538461,11,easy,97,0,0
23,3,2,pombe,beer,0.178725757575757,2,easy,98,0,0
20,3,2,baba,father,0.157121212121212,59,easy,99,0,0
18,3,2,mbwa,dog,0.18435303030303,29,easy,100,0,0
20,4,2,baba,father,0.157121212121212,59,easy,101,0,0
31,4,2,duka,shop,0.294655384615385,24,difficult,102,0,0
28,4,2,wimbo,song,0.307741538461538,13,difficult,103,0,0
18,4,2,mbwa,dog,0.18435303030303,29,easy,104,0,0
25,4,2,kanisa,church,0.399588059701493,51,difficult,105,0,0
30,4,2,kijana,boy,0.353060606060606,64,difficult,106,0,0
23,4,2,pombe,beer,0.178725757575757,2,easy,107,0,0
17,4,2,baskeli,bike,0.214457575757576,20,easy,108,0,0
24,4,2,kuku,chicken,0.183198461538461,11,easy,109,0,0
29,4,2,ajabu,wonder,0.315165151515151,52,difficult,110,0,0
24,5,2,kuku,chicken,0.183198461538461,11,easy,111,0,0
18,5,2,mbwa,dog,0.18435303030303,29,easy,112,0,0
30,5,2,kijana,boy,0.353060606060606,64,difficult,113,0,0
25,5,2,kanisa,church,0.399588059701493,51,difficult,114,0,0
28,5,2,wimbo,song,0.307741538461538,13,difficult,115,0,0
17,5,2,baskeli,bike,0.214457575757576,20,easy,116,1,0
31,5,2,duka,shop,0.294655384615385,24,difficult,117,0,0
23,5,2,pombe,beer,0.178725757575757,2,easy,118,0,0
20,5,2,baba,father,0.157121212121212,59,easy,119,0,0
29,5,2,ajabu,wonder,0.315165151515151,52,difficult,120,0,0
