item_rand,rep,block,swahili,english,alpha,ID,diff,trial,instruct,dynamic
1,0,1,lugha,language,0.211571212121212,25,easy,1,0,1
8,0,1,adhama,honor,0.225168181818182,33,easy,2,0,1
16,0,1,wimbo,song,0.307741538461538,13,difficult,3,0,1
6,0,1,jicho,eye,0.210024615384615,7,easy,4,0,1
9,0,1,kichwa,head,0.3271421875,46,difficult,5,0,1
4,0,1,bibi,grandmother,0.175557575757576,34,easy,6,0,1
13,0,1,duara,wheel,0.287497014925373,19,difficult,7,0,1
14,0,1,fasihi,book,0.386646268656716,12,difficult,8,0,1
7,0,1,tofaa,apple,0.200788059701493,67,easy,9,0,1
11,0,1,kanisa,church,0.399588059701493,51,difficult,10,0,1
1,1,1,lugha,language,0.211571212121212,25,easy,11,0,1
14,1,1,fasihi,book,0.386646268656716,12,difficult,12,0,1
16,1,1,wimbo,song,0.307741538461538,13,difficult,13,0,1
7,1,1,tofaa,apple,0.200788059701493,67,easy,14,0,1
4,1,1,bibi,grandmother,0.175557575757576,34,easy,15,0,1
9,1,1,kichwa,head,0.3271421875,46,difficult,16,0,1
8,1,1,adhama,honor,0.225168181818182,33,easy,17,0,1
11,1,1,kanisa,church,0.399588059701493,51,difficult,18,0,1
6,1,1,jicho,eye,0.210024615384615,7,easy,19,0,1
13,1,1,duara,wheel,0.287497014925373,19,difficult,20,0,1
6,2,1,jicho,eye,0.210024615384615,7,easy,21,0,1
13,2,1,duara,wheel,0.287497014925373,19,difficult,22,0,1
16,2,1,wimbo,song,0.307741538461538,13,difficult,23,0,1
9,2,1,kichwa,head,0.3271421875,46,difficult,24,0,1
14,2,1,fasihi,book,0.386646268656716,12,difficult,25,0,1
1,2,1,lugha,language,0.211571212121212,25,easy,26,0,1
4,2,1,bibi,grandmother,0.175557575757576,34,easy,27,0,1
11,2,1,kanisa,church,0.399588059701493,51,difficult,28,0,1
8,2,1,adhama,honor,0.225168181818182,33,easy,29,0,1
7,2,1,tofaa,apple,0.200788059701493,67,easy,30,0,1
9,3,1,kichwa,head,0.3271421875,46,difficult,31,0,1
8,3,1,adhama,honor,0.225168181818182,33,easy,32,0,1
16,3,1,wimbo,song,0.307741538461538,13,difficult,33,0,1
1,3,1,lugha,language,0.211571212121212,25,easy,34,0,1
14,3,1,fasihi,book,0.386646268656716,12,difficult,35,0,1
6,3,1,jicho,eye,0.210024615384615,7,easy,36,0,1
4,3,1,bibi,grandmother,0.175557575757576,34,easy,37,0,1
7,3,1,tofaa,apple,0.200788059701493,67,easy,38,0,1
13,3,1,duara,wheel,0.287497014925373,19,difficult,39,0,1
11,3,1,kanisa,church,0.399588059701493,51,difficult,40,0,1
16,4,1,wimbo,song,0.307741538461538,13,difficult,41,0,1
13,4,1,duara,wheel,0.287497014925373,19,difficult,42,0,1
14,4,1,fasihi,book,0.386646268656716,12,difficult,43,0,1
4,4,1,bibi,grandmother,0.175557575757576,34,easy,44,0,1
7,4,1,tofaa,apple,0.200788059701493,67,easy,45,0,1
1,4,1,lugha,language,0.211571212121212,25,easy,46,0,1
9,4,1,kichwa,head,0.3271421875,46,difficult,47,0,1
6,4,1,jicho,eye,0.210024615384615,7,easy,48,0,1
11,4,1,kanisa,church,0.399588059701493,51,difficult,49,0,1
8,4,1,adhama,honor,0.225168181818182,33,easy,50,0,1
1,5,1,lugha,language,0.211571212121212,25,easy,51,0,1
16,5,1,wimbo,song,0.307741538461538,13,difficult,52,0,1
14,5,1,fasihi,book,0.386646268656716,12,difficult,53,0,1
11,5,1,kanisa,church,0.399588059701493,51,difficult,54,0,1
9,5,1,kichwa,head,0.3271421875,46,difficult,55,0,1
8,5,1,adhama,honor,0.225168181818182,33,easy,56,0,1
7,5,1,tofaa,apple,0.200788059701493,67,easy,57,0,1
4,5,1,bibi,grandmother,0.175557575757576,34,easy,58,0,1
13,5,1,duara,wheel,0.287497014925373,19,difficult,59,0,1
6,5,1,jicho,eye,0.210024615384615,7,easy,60,1,1
22,0,2,lango,door,0.219891044776119,45,easy,61,0,0
30,0,2,ajabu,wonder,0.315165151515151,52,difficult,62,0,0
31,0,2,karamu,party,0.344718181818182,32,difficult,63,0,0
28,0,2,barua,letter,0.319181818181818,31,difficult,64,0,0
26,0,2,maslahi,interest,0.305624242424242,56,difficult,65,0,0
19,0,2,roho,soul,0.199686567164179,44,easy,66,0,0
17,0,2,kuku,chicken,0.183198461538461,11,easy,67,0,0
32,0,2,tumaini,hope,0.302354545454546,53,difficult,68,0,0
23,0,2,basi,bus,0.209593846153846,57,easy,69,0,0
20,0,2,ufu,death,0.170078787878788,75,easy,70,0,0
19,1,2,roho,soul,0.199686567164179,44,easy,71,0,0
17,1,2,kuku,chicken,0.183198461538461,11,easy,72,0,0
22,1,2,lango,door,0.219891044776119,45,easy,73,0,0
30,1,2,ajabu,wonder,0.315165151515151,52,difficult,74,0,0
23,1,2,basi,bus,0.209593846153846,57,easy,75,0,0
20,1,2,ufu,death,0.170078787878788,75,easy,76,0,0
32,1,2,tumaini,hope,0.302354545454546,53,difficult,77,0,0
28,1,2,barua,letter,0.319181818181818,31,difficult,78,0,0
26,1,2,maslahi,interest,0.305624242424242,56,difficult,79,0,0
31,1,2,karamu,party,0.344718181818182,32,difficult,80,0,0
17,2,2,kuku,chicken,0.183198461538461,11,easy,81,0,0
19,2,2,roho,soul,0.199686567164179,44,easy,82,0,0
28,2,2,barua,letter,0.319181818181818,31,difficult,83,0,0
20,2,2,ufu,death,0.170078787878788,75,easy,84,0,0
31,2,2,karamu,party,0.344718181818182,32,difficult,85,0,0
30,2,2,ajabu,wonder,0.315165151515151,52,difficult,86,0,0
32,2,2,tumaini,hope,0.302354545454546,53,difficult,87,0,0
22,2,2,lango,door,0.219891044776119,45,easy,88,0,0
23,2,2,basi,bus,0.209593846153846,57,easy,89,0,0
26,2,2,maslahi,interest,0.305624242424242,56,difficult,90,0,0
22,3,2,lango,door,0.219891044776119,45,easy,91,0,0
28,3,2,barua,letter,0.319181818181818,31,difficult,92,0,0
31,3,2,karamu,party,0.344718181818182,32,difficult,93,0,0
26,3,2,maslahi,interest,0.305624242424242,56,difficult,94,0,0
30,3,2,ajabu,wonder,0.315165151515151,52,difficult,95,0,0
19,3,2,roho,soul,0.199686567164179,44,easy,96,0,0
32,3,2,tumaini,hope,0.302354545454546,53,difficult,97,0,0
20,3,2,ufu,death,0.170078787878788,75,easy,98,0,0
17,3,2,kuku,chicken,0.183198461538461,11,easy,99,0,0
23,3,2,basi,bus,0.209593846153846,57,easy,100,0,0
30,4,2,ajabu,wonder,0.315165151515151,52,difficult,101,0,0
22,4,2,lango,door,0.219891044776119,45,easy,102,0,0
26,4,2,maslahi,interest,0.305624242424242,56,difficult,103,0,0
23,4,2,basi,bus,0.209593846153846,57,easy,104,0,0
32,4,2,tumaini,hope,0.302354545454546,53,difficult,105,0,0
20,4,2,ufu,death,0.170078787878788,75,easy,106,0,0
28,4,2,barua,letter,0.319181818181818,31,difficult,107,0,0
17,4,2,kuku,chicken,0.183198461538461,11,easy,108,0,0
19,4,2,roho,soul,0.199686567164179,44,easy,109,0,0
31,4,2,karamu,party,0.344718181818182,32,difficult,110,0,0
20,5,2,ufu,death,0.170078787878788,75,easy,111,0,0
31,5,2,karamu,party,0.344718181818182,32,difficult,112,0,0
22,5,2,lango,door,0.219891044776119,45,easy,113,0,0
17,5,2,kuku,chicken,0.183198461538461,11,easy,114,0,0
28,5,2,barua,letter,0.319181818181818,31,difficult,115,0,0
23,5,2,basi,bus,0.209593846153846,57,easy,116,0,0
32,5,2,tumaini,hope,0.302354545454546,53,difficult,117,0,0
30,5,2,ajabu,wonder,0.315165151515151,52,difficult,118,0,0
19,5,2,roho,soul,0.199686567164179,44,easy,119,0,0
26,5,2,maslahi,interest,0.305624242424242,56,difficult,120,1,0
