item_rand,rep,block,swahili,english,alpha,ID,diff,trial,instruct,dynamic
10,0,1,chama,society,0.315827272727273,50,difficult,1,0,1
4,0,1,baskeli,bike,0.214457575757576,20,easy,2,0,1
11,0,1,duara,wheel,0.287497014925373,19,difficult,3,0,1
8,0,1,basi,bus,0.209593846153846,57,easy,4,0,1
2,0,1,mbwa,dog,0.18435303030303,29,easy,5,0,1
6,0,1,adhama,honor,0.225168181818182,33,easy,6,0,1
16,0,1,chanjo,scissors,0.351680597014926,26,difficult,7,0,1
7,0,1,degaga,glasses,0.207071212121212,54,easy,8,0,1
9,0,1,kijana,boy,0.353060606060606,64,difficult,9,0,1
12,0,1,tunda,fruit,0.287647692307692,22,difficult,10,0,1
12,1,1,tunda,fruit,0.287647692307692,22,difficult,11,0,1
9,1,1,kijana,boy,0.353060606060606,64,difficult,12,0,1
6,1,1,adhama,honor,0.225168181818182,33,easy,13,0,1
2,1,1,mbwa,dog,0.18435303030303,29,easy,14,0,1
16,1,1,chanjo,scissors,0.351680597014926,26,difficult,15,0,1
11,1,1,duara,wheel,0.287497014925373,19,difficult,16,0,1
4,1,1,baskeli,bike,0.214457575757576,20,easy,17,0,1
10,1,1,chama,society,0.315827272727273,50,difficult,18,0,1
7,1,1,degaga,glasses,0.207071212121212,54,easy,19,0,1
8,1,1,basi,bus,0.209593846153846,57,easy,20,0,1
4,2,1,baskeli,bike,0.214457575757576,20,easy,21,0,1
9,2,1,kijana,boy,0.353060606060606,64,difficult,22,0,1
16,2,1,chanjo,scissors,0.351680597014926,26,difficult,23,0,1
10,2,1,chama,society,0.315827272727273,50,difficult,24,0,1
7,2,1,degaga,glasses,0.207071212121212,54,easy,25,0,1
8,2,1,basi,bus,0.209593846153846,57,easy,26,0,1
11,2,1,duara,wheel,0.287497014925373,19,difficult,27,0,1
12,2,1,tunda,fruit,0.287647692307692,22,difficult,28,0,1
6,2,1,adhama,honor,0.225168181818182,33,easy,29,0,1
2,2,1,mbwa,dog,0.18435303030303,29,easy,30,0,1
9,3,1,kijana,boy,0.353060606060606,64,difficult,31,0,1
4,3,1,baskeli,bike,0.214457575757576,20,easy,32,0,1
11,3,1,duara,wheel,0.287497014925373,19,difficult,33,0,1
16,3,1,chanjo,scissors,0.351680597014926,26,difficult,34,0,1
10,3,1,chama,society,0.315827272727273,50,difficult,35,0,1
8,3,1,basi,bus,0.209593846153846,57,easy,36,0,1
2,3,1,mbwa,dog,0.18435303030303,29,easy,37,0,1
12,3,1,tunda,fruit,0.287647692307692,22,difficult,38,0,1
7,3,1,degaga,glasses,0.207071212121212,54,easy,39,0,1
6,3,1,adhama,honor,0.225168181818182,33,easy,40,0,1
11,4,1,duara,wheel,0.287497014925373,19,difficult,41,0,1
4,4,1,baskeli,bike,0.214457575757576,20,easy,42,0,1
6,4,1,adhama,honor,0.225168181818182,33,easy,43,0,1
12,4,1,tunda,fruit,0.287647692307692,22,difficult,44,0,1
16,4,1,chanjo,scissors,0.351680597014926,26,difficult,45,0,1
8,4,1,basi,bus,0.209593846153846,57,easy,46,0,1
9,4,1,kijana,boy,0.353060606060606,64,difficult,47,0,1
2,4,1,mbwa,dog,0.18435303030303,29,easy,48,0,1
7,4,1,degaga,glasses,0.207071212121212,54,easy,49,0,1
10,4,1,chama,society,0.315827272727273,50,difficult,50,0,1
2,5,1,mbwa,dog,0.18435303030303,29,easy,51,0,1
10,5,1,chama,society,0.315827272727273,50,difficult,52,0,1
8,5,1,basi,bus,0.209593846153846,57,easy,53,0,1
7,5,1,degaga,glasses,0.207071212121212,54,easy,54,0,1
9,5,1,kijana,boy,0.353060606060606,64,difficult,55,0,1
4,5,1,baskeli,bike,0.214457575757576,20,easy,56,0,1
6,5,1,adhama,honor,0.225168181818182,33,easy,57,0,1
12,5,1,tunda,fruit,0.287647692307692,22,difficult,58,0,1
16,5,1,chanjo,scissors,0.351680597014926,26,difficult,59,0,1
11,5,1,duara,wheel,0.287497014925373,19,difficult,60,1,1
18,0,2,pombe,beer,0.178725757575757,2,easy,61,0,0
29,0,2,kanisa,church,0.399588059701493,51,difficult,62,0,0
32,0,2,likizo,holays,0.307474242424242,17,difficult,63,0,0
31,0,2,kichwa,head,0.3271421875,46,difficult,64,0,0
19,0,2,kuku,chicken,0.183198461538461,11,easy,65,0,0
23,0,2,bustani,garden,0.207198461538461,48,easy,66,0,0
28,0,2,karamu,party,0.344718181818182,32,difficult,67,0,0
17,0,2,kiti,chair,0.222518181818182,68,easy,68,0,0
24,0,2,lango,door,0.219891044776119,45,easy,69,0,0
27,0,2,wimbo,song,0.307741538461538,13,difficult,70,0,0
28,1,2,karamu,party,0.344718181818182,32,difficult,71,0,0
17,1,2,kiti,chair,0.222518181818182,68,easy,72,0,0
27,1,2,wimbo,song,0.307741538461538,13,difficult,73,0,0
31,1,2,kichwa,head,0.3271421875,46,difficult,74,0,0
24,1,2,lango,door,0.219891044776119,45,easy,75,0,0
32,1,2,likizo,holays,0.307474242424242,17,difficult,76,0,0
19,1,2,kuku,chicken,0.183198461538461,11,easy,77,0,0
23,1,2,bustani,garden,0.207198461538461,48,easy,78,0,0
18,1,2,pombe,beer,0.178725757575757,2,easy,79,0,0
29,1,2,kanisa,church,0.399588059701493,51,difficult,80,0,0
27,2,2,wimbo,song,0.307741538461538,13,difficult,81,0,0
18,2,2,pombe,beer,0.178725757575757,2,easy,82,0,0
19,2,2,kuku,chicken,0.183198461538461,11,easy,83,0,0
32,2,2,likizo,holays,0.307474242424242,17,difficult,84,0,0
31,2,2,kichwa,head,0.3271421875,46,difficult,85,0,0
17,2,2,kiti,chair,0.222518181818182,68,easy,86,0,0
23,2,2,bustani,garden,0.207198461538461,48,easy,87,0,0
28,2,2,karamu,party,0.344718181818182,32,difficult,88,0,0
24,2,2,lango,door,0.219891044776119,45,easy,89,0,0
29,2,2,kanisa,church,0.399588059701493,51,difficult,90,0,0
17,3,2,kiti,chair,0.222518181818182,68,easy,91,0,0
31,3,2,kichwa,head,0.3271421875,46,difficult,92,0,0
32,3,2,likizo,holays,0.307474242424242,17,difficult,93,0,0
23,3,2,bustani,garden,0.207198461538461,48,easy,94,0,0
27,3,2,wimbo,song,0.307741538461538,13,difficult,95,0,0
29,3,2,kanisa,church,0.399588059701493,51,difficult,96,0,0
28,3,2,karamu,party,0.344718181818182,32,difficult,97,0,0
18,3,2,pombe,beer,0.178725757575757,2,easy,98,0,0
19,3,2,kuku,chicken,0.183198461538461,11,easy,99,0,0
24,3,2,lango,door,0.219891044776119,45,easy,100,0,0
19,4,2,kuku,chicken,0.183198461538461,11,easy,101,0,0
27,4,2,wimbo,song,0.307741538461538,13,difficult,102,0,0
32,4,2,likizo,holays,0.307474242424242,17,difficult,103,0,0
17,4,2,kiti,chair,0.222518181818182,68,easy,104,0,0
28,4,2,karamu,party,0.344718181818182,32,difficult,105,0,0
29,4,2,kanisa,church,0.399588059701493,51,difficult,106,0,0
24,4,2,lango,door,0.219891044776119,45,easy,107,0,0
18,4,2,pombe,beer,0.178725757575757,2,easy,108,0,0
23,4,2,bustani,garden,0.207198461538461,48,easy,109,0,0
31,4,2,kichwa,head,0.3271421875,46,difficult,110,0,0
19,5,2,kuku,chicken,0.183198461538461,11,easy,111,0,0
27,5,2,wimbo,song,0.307741538461538,13,difficult,112,0,0
18,5,2,pombe,beer,0.178725757575757,2,easy,113,0,0
23,5,2,bustani,garden,0.207198461538461,48,easy,114,0,0
29,5,2,kanisa,church,0.399588059701493,51,difficult,115,0,0
31,5,2,kichwa,head,0.3271421875,46,difficult,116,0,0
17,5,2,kiti,chair,0.222518181818182,68,easy,117,0,0
28,5,2,karamu,party,0.344718181818182,32,difficult,118,0,0
32,5,2,likizo,holays,0.307474242424242,17,difficult,119,0,0
24,5,2,lango,door,0.219891044776119,45,easy,120,0,0
