item_rand,rep,block,swahili,english,alpha,ID,diff,trial,instruct,dynamic
11,0,1,fasihi,book,0.386646268656716,12,difficult,1,0,0
3,0,1,pombe,beer,0.178725757575757,2,easy,2,0,0
5,0,1,kuku,chicken,0.183198461538461,11,easy,3,0,0
9,0,1,kanisa,church,0.399588059701493,51,difficult,4,0,0
12,0,1,karamu,party,0.344718181818182,32,difficult,5,0,0
13,0,1,kamba,rope,0.355907575757576,62,difficult,6,0,0
1,0,1,lugha,language,0.211571212121212,25,easy,7,0,0
6,0,1,baba,father,0.157121212121212,59,easy,8,0,0
15,0,1,tabibu,doctor,0.275992424242424,35,difficult,9,0,0
2,0,1,anga,sky,0.222377272727273,27,easy,10,0,0
9,1,1,kanisa,church,0.399588059701493,51,difficult,11,0,0
11,1,1,fasihi,book,0.386646268656716,12,difficult,12,0,0
2,1,1,anga,sky,0.222377272727273,27,easy,13,0,0
15,1,1,tabibu,doctor,0.275992424242424,35,difficult,14,0,0
6,1,1,baba,father,0.157121212121212,59,easy,15,0,0
13,1,1,kamba,rope,0.355907575757576,62,difficult,16,0,0
5,1,1,kuku,chicken,0.183198461538461,11,easy,17,0,0
3,1,1,pombe,beer,0.178725757575757,2,easy,18,0,0
12,1,1,karamu,party,0.344718181818182,32,difficult,19,0,0
1,1,1,lugha,language,0.211571212121212,25,easy,20,0,0
9,2,1,kanisa,church,0.399588059701493,51,difficult,21,0,0
6,2,1,baba,father,0.157121212121212,59,easy,22,0,0
2,2,1,anga,sky,0.222377272727273,27,easy,23,0,0
12,2,1,karamu,party,0.344718181818182,32,difficult,24,0,0
13,2,1,kamba,rope,0.355907575757576,62,difficult,25,0,0
1,2,1,lugha,language,0.211571212121212,25,easy,26,0,0
11,2,1,fasihi,book,0.386646268656716,12,difficult,27,0,0
3,2,1,pombe,beer,0.178725757575757,2,easy,28,0,0
15,2,1,tabibu,doctor,0.275992424242424,35,difficult,29,0,0
5,2,1,kuku,chicken,0.183198461538461,11,easy,30,0,0
5,3,1,kuku,chicken,0.183198461538461,11,easy,31,0,0
15,3,1,tabibu,doctor,0.275992424242424,35,difficult,32,0,0
12,3,1,karamu,party,0.344718181818182,32,difficult,33,0,0
13,3,1,kamba,rope,0.355907575757576,62,difficult,34,0,0
9,3,1,kanisa,church,0.399588059701493,51,difficult,35,0,0
2,3,1,anga,sky,0.222377272727273,27,easy,36,0,0
6,3,1,baba,father,0.157121212121212,59,easy,37,0,0
3,3,1,pombe,beer,0.178725757575757,2,easy,38,0,0
11,3,1,fasihi,book,0.386646268656716,12,difficult,39,0,0
1,3,1,lugha,language,0.211571212121212,25,easy,40,0,0
12,4,1,karamu,party,0.344718181818182,32,difficult,41,0,0
9,4,1,kanisa,church,0.399588059701493,51,difficult,42,0,0
3,4,1,pombe,beer,0.178725757575757,2,easy,43,0,0
13,4,1,kamba,rope,0.355907575757576,62,difficult,44,0,0
15,4,1,tabibu,doctor,0.275992424242424,35,difficult,45,0,0
6,4,1,baba,father,0.157121212121212,59,easy,46,0,0
2,4,1,anga,sky,0.222377272727273,27,easy,47,0,0
1,4,1,lugha,language,0.211571212121212,25,easy,48,0,0
11,4,1,fasihi,book,0.386646268656716,12,difficult,49,0,0
5,4,1,kuku,chicken,0.183198461538461,11,easy,50,0,0
1,5,1,lugha,language,0.211571212121212,25,easy,51,0,0
11,5,1,fasihi,book,0.386646268656716,12,difficult,52,0,0
6,5,1,baba,father,0.157121212121212,59,easy,53,0,0
13,5,1,kamba,rope,0.355907575757576,62,difficult,54,0,0
5,5,1,kuku,chicken,0.183198461538461,11,easy,55,0,0
2,5,1,anga,sky,0.222377272727273,27,easy,56,0,0
9,5,1,kanisa,church,0.399588059701493,51,difficult,57,0,0
15,5,1,tabibu,doctor,0.275992424242424,35,difficult,58,0,0
12,5,1,karamu,party,0.344718181818182,32,difficult,59,0,0
3,5,1,pombe,beer,0.178725757575757,2,easy,60,1,0
29,0,2,chunga,pot,0.369626865671642,36,difficult,61,0,1
26,0,2,wimbo,song,0.307741538461538,13,difficult,62,0,1
21,0,2,limau,lemon,0.158680303030303,61,easy,63,0,1
18,0,2,roho,soul,0.199686567164179,44,easy,64,0,1
32,0,2,tumaini,hope,0.302354545454546,53,difficult,65,0,1
25,0,2,chama,society,0.315827272727273,50,difficult,66,0,1
31,0,2,samaki,fish,0.294386567164179,3,difficult,67,0,1
19,0,2,saduku,box,0.212204615384615,73,easy,68,0,1
24,0,2,skati,skirt,0.167559090909091,37,easy,69,0,1
22,0,2,basi,bus,0.209593846153846,57,easy,70,0,1
21,1,2,limau,lemon,0.158680303030303,61,easy,71,0,1
31,1,2,samaki,fish,0.294386567164179,3,difficult,72,0,1
24,1,2,skati,skirt,0.167559090909091,37,easy,73,0,1
29,1,2,chunga,pot,0.369626865671642,36,difficult,74,0,1
25,1,2,chama,society,0.315827272727273,50,difficult,75,0,1
22,1,2,basi,bus,0.209593846153846,57,easy,76,0,1
18,1,2,roho,soul,0.199686567164179,44,easy,77,0,1
19,1,2,saduku,box,0.212204615384615,73,easy,78,0,1
26,1,2,wimbo,song,0.307741538461538,13,difficult,79,0,1
32,1,2,tumaini,hope,0.302354545454546,53,difficult,80,0,1
19,2,2,saduku,box,0.212204615384615,73,easy,81,0,1
22,2,2,basi,bus,0.209593846153846,57,easy,82,0,1
29,2,2,chunga,pot,0.369626865671642,36,difficult,83,0,1
32,2,2,tumaini,hope,0.302354545454546,53,difficult,84,0,1
26,2,2,wimbo,song,0.307741538461538,13,difficult,85,0,1
18,2,2,roho,soul,0.199686567164179,44,easy,86,0,1
31,2,2,samaki,fish,0.294386567164179,3,difficult,87,0,1
24,2,2,skati,skirt,0.167559090909091,37,easy,88,0,1
25,2,2,chama,society,0.315827272727273,50,difficult,89,0,1
21,2,2,limau,lemon,0.158680303030303,61,easy,90,0,1
24,3,2,skati,skirt,0.167559090909091,37,easy,91,0,1
25,3,2,chama,society,0.315827272727273,50,difficult,92,0,1
26,3,2,wimbo,song,0.307741538461538,13,difficult,93,0,1
32,3,2,tumaini,hope,0.302354545454546,53,difficult,94,0,1
21,3,2,limau,lemon,0.158680303030303,61,easy,95,0,1
22,3,2,basi,bus,0.209593846153846,57,easy,96,0,1
18,3,2,roho,soul,0.199686567164179,44,easy,97,0,1
19,3,2,saduku,box,0.212204615384615,73,easy,98,0,1
31,3,2,samaki,fish,0.294386567164179,3,difficult,99,0,1
29,3,2,chunga,pot,0.369626865671642,36,difficult,100,0,1
31,4,2,samaki,fish,0.294386567164179,3,difficult,101,0,1
32,4,2,tumaini,hope,0.302354545454546,53,difficult,102,0,1
24,4,2,skati,skirt,0.167559090909091,37,easy,103,0,1
19,4,2,saduku,box,0.212204615384615,73,easy,104,0,1
21,4,2,limau,lemon,0.158680303030303,61,easy,105,0,1
29,4,2,chunga,pot,0.369626865671642,36,difficult,106,0,1
25,4,2,chama,society,0.315827272727273,50,difficult,107,0,1
18,4,2,roho,soul,0.199686567164179,44,easy,108,0,1
22,4,2,basi,bus,0.209593846153846,57,easy,109,0,1
26,4,2,wimbo,song,0.307741538461538,13,difficult,110,0,1
22,5,2,basi,bus,0.209593846153846,57,easy,111,0,1
31,5,2,samaki,fish,0.294386567164179,3,difficult,112,0,1
32,5,2,tumaini,hope,0.302354545454546,53,difficult,113,0,1
25,5,2,chama,society,0.315827272727273,50,difficult,114,0,1
18,5,2,roho,soul,0.199686567164179,44,easy,115,0,1
19,5,2,saduku,box,0.212204615384615,73,easy,116,0,1
24,5,2,skati,skirt,0.167559090909091,37,easy,117,0,1
29,5,2,chunga,pot,0.369626865671642,36,difficult,118,0,1
21,5,2,limau,lemon,0.158680303030303,61,easy,119,0,1
26,5,2,wimbo,song,0.307741538461538,13,difficult,120,0,1
